{"is_source_file": true, "format": "HTML", "description": "HTML source code for a database viewer web interface, including styles and client-side JavaScript for dynamic database and table browsing.", "external_files": ["/api/databases", "/api/{db}/tables", "/api/{db}/tables/{tableName}/data"], "external_methods": [], "published": [], "classes": [], "methods": [], "calls": ["fetchData('/api/databases')", "fetchData(`/api/${db}/tables`)", "fetchData(`/api/${db}/tables/${tableName}/data?limit=50`)", "setActiveState(element, selector)", "showLoading(element, message)", "showError(element, message)", "showEmptyState(element, title, message)", "renderTable(container, data)", "renderCell(value)", "expandCell(element)", "loadDatabases()", "loadTables(db)", "loadTableData(db, tableName)", "refreshDatabases()", "toggleDatabase(db)"], "search-terms": ["Database Viewer HTML", "client-side database browsing", "dynamic table rendering", "database list UI", "table data display", "interactive expandable cells", "fetch API database", "visual styling for data tables"], "state": 2, "file_id": 5, "knowledge_revision": 16, "git_revision": "4037ea4a25b5b57eed095f8544ebb852b42b7682", "hash": "ee63333a4841bf025439c755a74c9881", "format-version": 4, "code-base-name": "database", "filename": "database/db_visualizer/public/index.html", "revision_history": [{"16": "4037ea4a25b5b57eed095f8544ebb852b42b7682"}]}