{"is_source_file": true, "format": "bash shell script", "description": "A universal database restore script that detects backup types and restores databases accordingly, supporting SQLite, PostgreSQL, MySQL, and MongoDB.", "external_files": ["database_backup.db", "database_backup.sql", "database_backup.archive"], "external_methods": ["ls", "cp", "sudo -u postgres pg_isready", "psql", "mysqladmin", "mysql", "mongosh", "mongorestore"], "published": [], "classes": [], "methods": [], "calls": ["ls /usr/lib/postgresql/", "sudo -u postgres pg_isready", "psql", "mysqladmin ping", "mysql -h localhost -P ${DB_PORT} -u ${DB_USER} -p${DB_PASSWORD}", "mongosh --port ${DB_PORT} --eval \"db.adminCommand('ping')\"", "mongorestore --port ${DB_PORT} --archive=database_backup.archive --drop --quiet"], "search-terms": ["restore_db.sh", "database restore", "SQLite", "PostgreSQL", "MySQL", "MongoDB", "backup detection", "database backup files", "database restore script"], "state": 2, "file_id": 6, "knowledge_revision": 15, "git_revision": "4037ea4a25b5b57eed095f8544ebb852b42b7682", "hash": "d42c3e6cbc3bbd627e3c08afcf4183ec", "format-version": 4, "code-base-name": "database", "filename": "database/restore_db.sh", "revision_history": [{"15": "4037ea4a25b5b57eed095f8544ebb852b42b7682"}]}