{"is_source_file": true, "format": "bash", "description": "A shell script that detects the currently running database (SQLite, PostgreSQL, MySQL, MongoDB) and creates an appropriate backup, saving it to a file.", "external_files": ["/usr/lib/postgresql/", "/var/run/mysqld/mysqld.sock"], "external_methods": ["ls", "cp", "sudo -u postgres pg_isready", "ls", "mongosh", "mysqladmin", "mysql", "mysqldump", "mongodump"], "published": [], "classes": [], "methods": [], "calls": ["ls", "cp", "sudo -u postgres pg_isready", "mysqladmin ping", "mysql -h localhost -P ${DB_PORT} -u ${DB_USER} -p${DB_PASSWORD} -e \"SELECT 1\"", "mysqldump", "sudo mysql --socket=/var/run/mysqld/mysqld.sock -u root -p${DB_PASSWORD} -e \"SELECT 1\"", "mongosh --port ${DB_PORT} --eval \"db.adminCommand('ping')\"", "mongodump --port ${DB_PORT} --db ${DB_NAME} --archive=database_backup.archive --quiet"], "search-terms": ["backup_db.sh", "database backup script", "SQLite", "PostgreSQL", "MySQL", "mongosh", "mysqldump", "database backup", "database detection"], "state": 2, "file_id": 8, "knowledge_revision": 17, "git_revision": "4037ea4a25b5b57eed095f8544ebb852b42b7682", "hash": "d7da372b768c895a33088027314656c3", "format-version": 4, "code-base-name": "database", "filename": "database/backup_db.sh", "revision_history": [{"17": "4037ea4a25b5b57eed095f8544ebb852b42b7682"}]}