{"is_source_file": true, "format": "Python", "description": "This file implements an interactive command-line interface for interacting with an SQLite database, providing commands to list tables, show schemas, describe tables, execute SQL queries, and handle user input in a shell environment.", "external_files": ["sqlite3"], "external_methods": ["sqlite3.connect", "sqlite3.Error"], "published": ["print_help", "list_tables", "show_schema", "describe_table", "execute_query", "main"], "classes": [], "methods": [{"name": "print_help()", "description": "Prints help information about available commands in the shell.", "scope": "", "scopeKind": ""}, {"name": "list_tables(cursor)", "description": "Lists all tables in the database, excluding internal SQLite tables.", "scope": "", "scopeKind": ""}, {"name": "show_schema(cursor, table_name=None)", "description": "Displays the CREATE statement(s) for specified or all tables.", "scope": "", "scopeKind": ""}, {"name": "describe_table(cursor, table_name)", "description": "Shows the structure of a specified table, including columns and attributes.", "scope": "", "scopeKind": ""}, {"name": "execute_query(cursor, query)", "description": "Executes a SQL statement and outputs the results or execution status.", "scope": "", "scopeKind": ""}, {"name": "main()", "description": "Main function that runs the interactive shell loop, handles user input, and manages database connection.", "scope": "", "scopeKind": ""}], "calls": ["sqlite3.connect", "cursor.execute", "cursor.fetchall", "cursor.description", "conn.commit", "sys.exit", "print"], "search-terms": ["interactive sqlite shell", "db commands", "sqlite3 command-line interface", "show create table", "describe table", "list tables", "sql query execution", "database shell"], "state": 2, "file_id": 7, "knowledge_revision": 18, "git_revision": "4037ea4a25b5b57eed095f8544ebb852b42b7682", "ctags": [{"_type": "tag", "name": "DB_NAME", "path": "/tmp/kavia/workspace/code-generation/simple-to-do-list-manager-8115-8126/database/db_shell.py", "pattern": "/^DB_NAME = \"myapp.db\"$/", "language": "Python", "kind": "variable"}, {"_type": "tag", "name": "describe_table", "path": "/tmp/kavia/workspace/code-generation/simple-to-do-list-manager-8115-8126/database/db_shell.py", "pattern": "/^def describe_table(cursor, table_name):$/", "language": "Python", "kind": "function", "signature": "(cursor, table_name)"}, {"_type": "tag", "name": "execute_query", "path": "/tmp/kavia/workspace/code-generation/simple-to-do-list-manager-8115-8126/database/db_shell.py", "pattern": "/^def execute_query(cursor, query):$/", "language": "Python", "kind": "function", "signature": "(cursor, query)"}, {"_type": "tag", "name": "list_tables", "path": "/tmp/kavia/workspace/code-generation/simple-to-do-list-manager-8115-8126/database/db_shell.py", "pattern": "/^def list_tables(cursor):$/", "language": "Python", "kind": "function", "signature": "(cursor)"}, {"_type": "tag", "name": "main", "path": "/tmp/kavia/workspace/code-generation/simple-to-do-list-manager-8115-8126/database/db_shell.py", "pattern": "/^def main():$/", "language": "Python", "kind": "function", "signature": "()"}, {"_type": "tag", "name": "print_help", "path": "/tmp/kavia/workspace/code-generation/simple-to-do-list-manager-8115-8126/database/db_shell.py", "pattern": "/^def print_help():$/", "language": "Python", "kind": "function", "signature": "()"}, {"_type": "tag", "name": "show_schema", "path": "/tmp/kavia/workspace/code-generation/simple-to-do-list-manager-8115-8126/database/db_shell.py", "pattern": "/^def show_schema(cursor, table_name=None):$/", "language": "Python", "kind": "function", "signature": "(cursor, table_name=None)"}], "hash": "7a5a132ab2db661e22c5eb4827332833", "format-version": 4, "code-base-name": "database", "filename": "database/db_shell.py", "fields": [{"name": "DB_NAME = \"myapp.db\"", "scope": "", "scopeKind": "", "description": "unavailable"}], "revision_history": [{"18": "4037ea4a25b5b57eed095f8544ebb852b42b7682"}]}