{"is_source_file": true, "format": "md", "description": ".md file: README.md", "external_files": [], "external_methods": [], "published": [], "classes": [], "methods": [], "calls": [], "search-terms": ["README.md", "md"], "state": 2, "filename": "README.md", "format-version": 4, "code-base-name": "https://github.com/kavia-common/simple-to-do-list-manager-8115-8126.git:kavia-main", "knowledge_revision": 3, "git_revision": "e63117521694443ba69daa385a2ce0c600168dd7", "revision_history": [{"3": "e63117521694443ba69daa385a2ce0c600168dd7"}]}